id,tanggal,lokasi_dominan
1,21/05/19,Jakarta Pusat
2,21/05/19,Kabupaten Bogor
3,21/05/19,Jakarta Pusat
4,21/05/19,Kota Tangerang
5,21/05/19,Kota Bogor
6,21/05/19,Kota Bogor
7,21/05/19,Kota Depok
8,21/05/19,Kota Depok
9,21/05/19,Kota Bogor
10,21/05/19,Jakarta Timur
11,21/05/19,Kota Bekasi
12,21/05/19,Kota Bekasi
13,21/05/19,Jakarta Selatan
14,21/05/19,Kabupaten Bogor
15,21/05/19,Jakarta Utara
16,21/05/19,Kota Bekasi
17,21/05/19,Kota Tangerang
18,21/05/19,Jakarta Barat
19,21/05/19,Kabupaten Tangerang
20,21/05/19,Kota Bogor
21,21/05/19,Jakarta Pusat
22,21/05/19,Kota Tangerang
23,21/05/19,Kabupaten Bogor
24,21/05/19,Kota Bogor
25,21/05/19,Kota Bogor
26,21/05/19,Jakarta Utara
27,21/05/19,Kota Bekasi
28,21/05/19,Kota Tangerang
29,21/05/19,Kabupaten Bogor
30,21/05/19,Kota Depok
31,21/05/19,Jakarta Timur
32,21/05/19,Kota Bekasi
33,21/05/19,Kota Bogor
34,21/05/19,Kabupaten Bekasi
35,21/05/19,Jakarta Selatan
36,21/05/19,Kota Bekasi
37,21/05/19,Kota Depok
38,21/05/19,Kabupaten Bekasi
39,21/05/19,Jakarta Pusat
40,21/05/19,Jakarta Utara
41,21/05/19,Kota Tangerang Selatan
42,21/05/19,Jakarta Pusat
43,21/05/19,Kota Depok
44,21/05/19,Kabupaten Tangerang
45,21/05/19,Kabupaten Tangerang
46,21/05/19,Kota Bekasi
47,21/05/19,Kota Depok
48,21/05/19,Kabupaten Bekasi
49,21/05/19,Jakarta Timur
50,21/05/19,Kota Tangerang Selatan
51,21/05/19,Jakarta Pusat
52,21/05/19,Kota Bogor
53,21/05/19,Jakarta Timur
54,21/05/19,Kota Bekasi
55,21/05/19,Jakarta Pusat
56,21/05/19,Kabupaten Bogor
57,21/05/19,Jakarta Timur
58,21/05/19,Kota Bekasi
59,21/05/19,Jakarta Selatan
60,21/05/19,Jakarta Pusat
61,21/05/19,Jakarta Selatan
62,21/05/19,Jakarta Barat
63,21/05/19,Jakarta Barat
64,21/05/19,Jakarta Timur
65,21/05/19,Kota Tangerang Selatan
66,21/05/19,Kota Bogor
67,21/05/19,Jakarta Utara
68,21/05/19,Jakarta Utara
69,21/05/19,Kota Bekasi
70,21/05/19,Jakarta Selatan
71,21/05/19,Jakarta Utara
72,21/05/19,Kota Depok
73,21/05/19,Kabupaten Bogor
74,21/05/19,Jakarta Utara
75,21/05/19,Kota Tangerang Selatan
76,21/05/19,Jakarta Timur
77,21/05/19,Kabupaten Bogor
78,21/05/19,Kota Depok
79,21/05/19,Kota Bogor
80,21/05/19,Kota Bogor
81,21/05/19,Kabupaten Bekasi
82,21/05/19,Jakarta Utara
83,21/05/19,Kabupaten Bekasi
84,21/05/19,Jakarta Timur
85,21/05/19,Kabupaten Bekasi
86,21/05/19,Kota Tangerang
87,21/05/19,Kota Depok
88,21/05/19,Kota Tangerang
89,21/05/19,Jakarta Barat
90,21/05/19,Kota Depok
91,21/05/19,Jakarta Barat
92,21/05/19,Kota Depok
93,21/05/19,Jakarta Barat
94,21/05/19,Kota Bogor
95,21/05/19,Kota Tangerang Selatan
96,21/05/19,Kota Bogor
97,21/05/19,Kota Tangerang Selatan
98,21/05/19,Jakarta Timur
99,21/05/19,Jakarta Timur
100,21/05/19,Jakarta Timur
1,22/05/19,Jakarta Pusat
2,22/05/19,Kabupaten Bogor
3,22/05/19,Jakarta Timur
4,22/05/19,Kota Tangerang
5,22/05/19,Jakarta Barat
6,22/05/19,Jakarta Utara
7,22/05/19,Jakarta Utara
8,22/05/19,Kota Bekasi
9,22/05/19,Kota Bogor
10,22/05/19,Kabupaten Bekasi
11,22/05/19,Kota Bekasi
12,22/05/19,Kota Tangerang
13,22/05/19,Jakarta Selatan
14,22/05/19,Jakarta Utara
15,22/05/19,Jakarta Selatan
16,22/05/19,Kota Bekasi
17,22/05/19,Jakarta Pusat
18,22/05/19,Jakarta Barat
19,22/05/19,Kabupaten Tangerang
20,22/05/19,Jakarta Selatan
21,22/05/19,Jakarta Pusat
22,22/05/19,Kota Tangerang
23,22/05/19,Kabupaten Bogor
24,22/05/19,Kota Bogor
25,22/05/19,Kota Bogor
26,22/05/19,Jakarta Utara
27,22/05/19,Kota Bekasi
28,22/05/19,Kota Tangerang
29,22/05/19,Jakarta Pusat
30,22/05/19,Kota Depok
31,22/05/19,Jakarta Timur
32,22/05/19,Kota Bekasi
33,22/05/19,Kota Bogor
34,22/05/19,Kabupaten Bekasi
35,22/05/19,Jakarta Selatan
36,22/05/19,Kota Bekasi
37,22/05/19,Kota Depok
38,22/05/19,Kabupaten Bekasi
39,22/05/19,Jakarta Pusat
40,22/05/19,Kabupaten Bogor
41,22/05/19,Jakarta Timur
42,22/05/19,Jakarta Pusat
43,22/05/19,Jakarta Timur
44,22/05/19,Kabupaten Tangerang
45,22/05/19,Jakarta Timur
46,22/05/19,Kota Bekasi
47,22/05/19,Jakarta Utara
48,22/05/19,Kota Bekasi
49,22/05/19,Kabupaten Bogor
50,22/05/19,Jakarta Barat
51,22/05/19,Jakarta Pusat
52,22/05/19,Jakarta Utara
53,22/05/19,Jakarta Timur
54,22/05/19,Kota Tangerang Selatan
55,22/05/19,Kabupaten Tangerang
56,22/05/19,Kabupaten Bekasi
57,22/05/19,Kota Depok
58,22/05/19,Kota Bekasi
59,22/05/19,Kabupaten Tangerang
60,22/05/19,Jakarta Pusat
61,22/05/19,Kota Tangerang Selatan
62,22/05/19,Jakarta Barat
63,22/05/19,Kabupaten Bogor
64,22/05/19,Jakarta Selatan
65,22/05/19,Kota Tangerang Selatan
66,22/05/19,Kota Tangerang Selatan
67,22/05/19,Jakarta Utara
68,22/05/19,Jakarta Barat
69,22/05/19,Kota Bekasi
70,22/05/19,Jakarta Selatan
71,22/05/19,Jakarta Timur
72,22/05/19,Kabupaten Bekasi
73,22/05/19,Kabupaten Bogor
74,22/05/19,Kota Bogor
75,22/05/19,Kota Tangerang Selatan
76,22/05/19,Kabupaten Bogor
77,22/05/19,Kota Tangerang Selatan
78,22/05/19,Jakarta Pusat
79,22/05/19,Kota Bogor
80,22/05/19,Jakarta Barat
81,22/05/19,Kabupaten Bekasi
82,22/05/19,Jakarta Utara
83,22/05/19,Kota Tangerang
84,22/05/19,Jakarta Utara
85,22/05/19,Jakarta Barat
86,22/05/19,Jakarta Barat
87,22/05/19,Kota Depok
88,22/05/19,Kota Tangerang
89,22/05/19,Jakarta Barat
90,22/05/19,Kota Depok
91,22/05/19,Jakarta Barat
92,22/05/19,Kota Tangerang
93,22/05/19,Jakarta Barat
94,22/05/19,Jakarta Barat
95,22/05/19,Kota Tangerang Selatan
96,22/05/19,Kota Bogor
97,22/05/19,Kota Bogor
98,22/05/19,Jakarta Timur
99,22/05/19,Kabupaten Bekasi
100,22/05/19,Jakarta Timur
1,23/05/19,Jakarta Pusat
2,23/05/19,Jakarta Selatan
3,23/05/19,Kota Bekasi
4,23/05/19,Jakarta Utara
5,23/05/19,Jakarta Barat
6,23/05/19,Kota Depok
7,23/05/19,Jakarta Pusat
8,23/05/19,Kota Tangerang
9,23/05/19,Kota Bogor
10,23/05/19,Kota Tangerang
11,23/05/19,Kota Bekasi
12,23/05/19,Kabupaten Bogor
13,23/05/19,Jakarta Selatan
14,23/05/19,Jakarta Utara
15,23/05/19,Kota Depok
16,23/05/19,Kota Bekasi
17,23/05/19,Kota Yogyakarta
18,23/05/19,Jakarta Barat
19,23/05/19,Kabupaten Tangerang
20,23/05/19,Kota Bogor
21,23/05/19,Jakarta Pusat
22,23/05/19,Kota Tangerang
23,23/05/19,Kabupaten Bogor
24,23/05/19,Kota Bogor
25,23/05/19,Kota Bogor
26,23/05/19,Jakarta Utara
27,23/05/19,Kota Bekasi
28,23/05/19,Kota Tangerang
29,23/05/19,Jakarta Pusat
30,23/05/19,Kota Depok
31,23/05/19,Jakarta Timur
32,23/05/19,Kota Bekasi
33,23/05/19,Kota Bogor
34,23/05/19,Kabupaten Bekasi
35,23/05/19,Jakarta Selatan
36,23/05/19,Kota Bekasi
37,23/05/19,Kota Depok
38,23/05/19,Kabupaten Bekasi
39,23/05/19,Jakarta Pusat
40,23/05/19,Kabupaten Bogor
41,23/05/19,Kabupaten Bekasi
42,23/05/19,Jakarta Pusat
43,23/05/19,Kabupaten Bekasi
44,23/05/19,Kabupaten Tangerang
45,23/05/19,Kota Tangerang
46,23/05/19,Kota Bekasi
47,23/05/19,Kota Bekasi
48,23/05/19,Kabupaten Bekasi
49,23/05/19,Jakarta Selatan
50,23/05/19,Kota Tangerang Selatan
51,23/05/19,Jakarta Pusat
52,23/05/19,Kota Tangerang Selatan
53,23/05/19,Jakarta Timur
54,23/05/19,Kota Yogyakarta
55,23/05/19,Kota Tangerang
56,23/05/19,Kota Tangerang
57,23/05/19,Kabupaten Bekasi
58,23/05/19,Kota Yogyakarta
59,23/05/19,Kabupaten Bogor
60,23/05/19,Jakarta Pusat
61,23/05/19,Kabupaten Tangerang
62,23/05/19,Jakarta Barat
63,23/05/19,Kota Tangerang
64,23/05/19,Jakarta Timur
65,23/05/19,Kota Tangerang Selatan
66,23/05/19,Kabupaten Tangerang
67,23/05/19,Jakarta Utara
68,23/05/19,Jakarta Barat
69,23/05/19,Kota Bekasi
70,23/05/19,Jakarta Barat
71,23/05/19,Kota Depok
72,23/05/19,Kota Depok
73,23/05/19,Kabupaten Bogor
74,23/05/19,Kabupaten Tangerang
75,23/05/19,Kota Tangerang Selatan
76,23/05/19,Kota Tangerang Selatan
77,23/05/19,Kabupaten Bekasi
78,23/05/19,Jakarta Timur
79,23/05/19,Kota Depok
80,23/05/19,Jakarta Selatan
81,23/05/19,Kabupaten Bekasi
82,23/05/19,Jakarta Utara
83,23/05/19,Jakarta Pusat
84,23/05/19,Kota Bogor
85,23/05/19,Kabupaten Bogor
86,23/05/19,Kota Bekasi
87,23/05/19,Kota Depok
88,23/05/19,Kota Tangerang
89,23/05/19,Jakarta Barat
90,23/05/19,Kota Depok
91,23/05/19,Jakarta Barat
92,23/05/19,Kabupaten Tangerang
93,23/05/19,Kota Depok
94,23/05/19,Jakarta Barat
95,23/05/19,Kota Tangerang Selatan
96,23/05/19,Kota Bogor
97,23/05/19,Kota Depok
98,23/05/19,Kota Bogor
99,23/05/19,Kota Depok
100,23/05/19,Jakarta Timur
1,24/05/19,Kota Bekasi
2,24/05/19,Kabupaten Bogor
3,24/05/19,Kabupaten Bekasi
4,24/05/19,Kota Tangerang
5,24/05/19,Jakarta Barat
6,24/05/19,Kota Depok
7,24/05/19,Kota Tangerang
8,24/05/19,Kota Tangerang Selatan
9,24/05/19,Kota Bogor
10,24/05/19,Kabupaten Bantul
11,24/05/19,Kota Bekasi
12,24/05/19,Kabupaten Bogor
13,24/05/19,Jakarta Selatan
14,24/05/19,Jakarta Utara
15,24/05/19,Kota Tangerang
16,24/05/19,Kabupaten Bekasi
17,24/05/19,Kota Depok
18,24/05/19,Jakarta Barat
19,24/05/19,Kabupaten Tangerang
20,24/05/19,Kabupaten Wonogiri
21,24/05/19,Jakarta Pusat
22,24/05/19,Kota Tangerang
23,24/05/19,Kabupaten Bogor
24,24/05/19,Kota Bogor
25,24/05/19,Kota Bogor
26,24/05/19,Jakarta Utara
27,24/05/19,Kota Bekasi
28,24/05/19,Kota Tangerang
29,24/05/19,Jakarta Pusat
30,24/05/19,Kota Depok
31,24/05/19,Jakarta Timur
32,24/05/19,Kota Bekasi
33,24/05/19,Kota Bogor
34,24/05/19,Kabupaten Bekasi
35,24/05/19,Jakarta Selatan
36,24/05/19,Kota Bekasi
37,24/05/19,Kota Depok
38,24/05/19,Kabupaten Bekasi
39,24/05/19,Jakarta Pusat
40,24/05/19,Jakarta Selatan
41,24/05/19,Kota Tangerang Selatan
42,24/05/19,Jakarta Pusat
43,24/05/19,Jakarta Timur
44,24/05/19,Kabupaten Tangerang
45,24/05/19,Kabupaten Tangerang
46,24/05/19,Kota Bekasi
47,24/05/19,Kota Depok
48,24/05/19,Kota Tangerang Selatan
49,24/05/19,Kabupaten Bekasi
50,24/05/19,Jakarta Barat
51,24/05/19,Jakarta Pusat
52,24/05/19,Kota Tangerang Selatan
53,24/05/19,Jakarta Timur
54,24/05/19,Kota Bogor
55,24/05/19,Jakarta Pusat
56,24/05/19,Kabupaten Bogor
57,24/05/19,Jakarta Timur
58,24/05/19,Kota Bekasi
59,24/05/19,Kota Tangerang
60,24/05/19,Jakarta Pusat
61,24/05/19,Jakarta Pusat
62,24/05/19,Jakarta Barat
63,24/05/19,Jakarta Barat
64,24/05/19,Kabupaten Bekasi
65,24/05/19,Kota Tangerang Selatan
66,24/05/19,Jakarta Utara
67,24/05/19,Jakarta Utara
68,24/05/19,Jakarta Timur
69,24/05/19,Kota Bekasi
70,24/05/19,Kabupaten Bogor
71,24/05/19,Jakarta Pusat
72,24/05/19,Kabupaten Tangerang
73,24/05/19,Kabupaten Bogor
74,24/05/19,Kabupaten Bekasi
75,24/05/19,Kota Tangerang Selatan
76,24/05/19,Jakarta Timur
77,24/05/19,Jakarta Selatan
78,24/05/19,Jakarta Pusat
79,24/05/19,Kota Depok
80,24/05/19,Kota Bogor
81,24/05/19,Kabupaten Bekasi
82,24/05/19,Jakarta Utara
83,24/05/19,Kota Tangerang
84,24/05/19,Jakarta Timur
85,24/05/19,Kabupaten Bekasi
86,24/05/19,Jakarta Pusat
87,24/05/19,Kota Depok
88,24/05/19,Kota Tangerang
89,24/05/19,Jakarta Barat
90,24/05/19,Kota Depok
91,24/05/19,Jakarta Barat
92,24/05/19,Jakarta Barat
93,24/05/19,Jakarta Barat
94,24/05/19,Jakarta Selatan
95,24/05/19,Kota Tangerang Selatan
96,24/05/19,Kota Bogor
97,24/05/19,Kota Bogor
98,24/05/19,Jakarta Timur
99,24/05/19,Jakarta Timur
100,24/05/19,Jakarta Timur
1,25/05/19,Kota Bekasi
2,25/05/19,Kabupaten Bogor
3,25/05/19,Jakarta Timur
4,25/05/19,Kota Tangerang
5,25/05/19,Jakarta Barat
6,25/05/19,Kota Depok
7,25/05/19,Kota Tangerang
8,25/05/19,Kota Depok
9,25/05/19,Kota Bogor
10,25/05/19,Kota Yogyakarta
11,25/05/19,Kota Bekasi
12,25/05/19,Kota Depok
13,25/05/19,Jakarta Selatan
14,25/05/19,Jakarta Utara
15,25/05/19,Jakarta Utara
16,25/05/19,Kota Bekasi
17,25/05/19,Jakarta Pusat
18,25/05/19,Jakarta Barat
19,25/05/19,Kabupaten Tangerang
20,25/05/19,Kota Bekasi
21,25/05/19,Jakarta Pusat
22,25/05/19,Kota Tangerang
23,25/05/19,Kabupaten Bogor
24,25/05/19,Kota Bogor
25,25/05/19,Kota Bogor
26,25/05/19,Jakarta Utara
27,25/05/19,Kota Bekasi
28,25/05/19,Kota Tangerang
29,25/05/19,Jakarta Pusat
30,25/05/19,Kota Depok
31,25/05/19,Jakarta Timur
32,25/05/19,Kota Bekasi
33,25/05/19,Kota Bogor
34,25/05/19,Kabupaten Bekasi
35,25/05/19,Jakarta Selatan
36,25/05/19,Kota Bekasi
37,25/05/19,Kota Depok
38,25/05/19,Kabupaten Bekasi
39,25/05/19,Jakarta Pusat
40,25/05/19,Kabupaten Bogor
41,25/05/19,Jakarta Timur
42,25/05/19,Jakarta Pusat
43,25/05/19,Kota Depok
44,25/05/19,Kabupaten Tangerang
45,25/05/19,Jakarta Timur
46,25/05/19,Kota Bekasi
47,25/05/19,Jakarta Utara
48,25/05/19,Kabupaten Bekasi
49,25/05/19,Kota Medan
50,25/05/19,Kota Tangerang Selatan
51,25/05/19,Jakarta Pusat
52,25/05/19,Kota Bogor
53,25/05/19,Jakarta Timur
54,25/05/19,Kabupaten Tangerang
55,25/05/19,Kabupaten Tangerang
56,25/05/19,Kabupaten Bekasi
57,25/05/19,Kota Depok
58,25/05/19,Kota Bekasi
59,25/05/19,Jakarta Barat
60,25/05/19,Jakarta Pusat
61,25/05/19,Jakarta Pusat
62,25/05/19,Jakarta Barat
63,25/05/19,Kabupaten Bogor
64,25/05/19,Jakarta Timur
65,25/05/19,Kota Tangerang Selatan
66,25/05/19,Kota Bogor
67,25/05/19,Jakarta Timur
68,25/05/19,Kota Tangerang
69,25/05/19,Kota Bekasi
70,25/05/19,Jakarta Selatan
71,25/05/19,Jakarta Utara
72,25/05/19,Kota Bogor
73,25/05/19,Kabupaten Bogor
74,25/05/19,Kota Tangerang Selatan
75,25/05/19,Kota Tangerang Selatan
76,25/05/19,Kabupaten Bogor
77,25/05/19,Kabupaten Bogor
78,25/05/19,Kota Depok
79,25/05/19,Kota Bekasi
80,25/05/19,Jakarta Barat
81,25/05/19,Kabupaten Bekasi
82,25/05/19,Jakarta Utara
83,25/05/19,Kota Depok
84,25/05/19,Jakarta Timur
85,25/05/19,Jakarta Barat
86,25/05/19,Kota Depok
87,25/05/19,Kota Depok
88,25/05/19,Kota Tangerang
89,25/05/19,Jakarta Barat
90,25/05/19,Kota Depok
91,25/05/19,Jakarta Barat
92,25/05/19,Kota Depok
93,25/05/19,Jakarta Barat
94,25/05/19,Kota Bogor
95,25/05/19,Kota Tangerang Selatan
96,25/05/19,Kota Bogor
97,25/05/19,Jakarta Selatan
98,25/05/19,Jakarta Timur
99,25/05/19,Kabupaten Bekasi
100,25/05/19,Jakarta Timur
1,26/05/19,Kota Medan
2,26/05/19,Kabupaten Bogor
3,26/05/19,Jakarta Timur
4,26/05/19,Kota Tangerang
5,26/05/19,Jakarta Barat
6,26/05/19,Kota Depok
7,26/05/19,Jakarta Timur
8,26/05/19,Kota Bekasi
9,26/05/19,Kota Bogor
10,26/05/19,Kabupaten Bantul
11,26/05/19,Jakarta Selatan
12,26/05/19,Jakarta Utara
13,26/05/19,Jakarta Selatan
14,26/05/19,Jakarta Utara
15,26/05/19,Jakarta Selatan
16,26/05/19,Kota Bekasi
17,26/05/19,Jakarta Pusat
18,26/05/19,Kabupaten Tangerang
19,26/05/19,Kabupaten Tangerang
20,26/05/19,Kota Manado
21,26/05/19,Jakarta Pusat
22,26/05/19,Kota Tangerang
23,26/05/19,Jakarta Pusat
24,26/05/19,Kota Bogor
25,26/05/19,Kota Bogor
26,26/05/19,Jakarta Utara
27,26/05/19,Kota Bekasi
28,26/05/19,Kota Tangerang
29,26/05/19,Jakarta Pusat
30,26/05/19,Kota Depok
31,26/05/19,Jakarta Timur
32,26/05/19,Kota Bekasi
33,26/05/19,Kota Bogor
34,26/05/19,Kabupaten Bekasi
35,26/05/19,Jakarta Selatan
36,26/05/19,Kota Bekasi
37,26/05/19,Kota Depok
38,26/05/19,Kabupaten Bekasi
39,26/05/19,Jakarta Pusat
40,26/05/19,Kabupaten Bogor
41,26/05/19,Kabupaten Bekasi
42,26/05/19,Jakarta Pusat
43,26/05/19,Jakarta Timur
44,26/05/19,Kabupaten Tangerang
45,26/05/19,Kota Tangerang
46,26/05/19,Kota Bekasi
47,26/05/19,Kota Bekasi
48,26/05/19,Kota Bekasi
49,26/05/19,Kota Bogor
50,26/05/19,Jakarta Barat
51,26/05/19,Jakarta Pusat
52,26/05/19,Jakarta Selatan
53,26/05/19,Jakarta Timur
54,26/05/19,Kabupaten Bantul
55,26/05/19,Kota Tangerang
56,26/05/19,Kota Tangerang
57,26/05/19,Kabupaten Bekasi
58,26/05/19,Kota Bekasi
59,26/05/19,Jakarta Barat
60,26/05/19,Jakarta Pusat
61,26/05/19,Jakarta Pusat
62,26/05/19,Jakarta Barat
63,26/05/19,Kota Tangerang
64,26/05/19,Jakarta Selatan
65,26/05/19,Kota Tangerang Selatan
66,26/05/19,Kota Tangerang Selatan
67,26/05/19,Jakarta Utara
68,26/05/19,Jakarta Utara
69,26/05/19,Kota Bekasi
70,26/05/19,Jakarta Barat
71,26/05/19,Jakarta Timur
72,26/05/19,Jakarta Utara
73,26/05/19,Kabupaten Bogor
74,26/05/19,Kabupaten Bekasi
75,26/05/19,Kota Tangerang Selatan
76,26/05/19,Kota Tangerang Selatan
77,26/05/19,Kota Tangerang Selatan
78,26/05/19,Jakarta Pusat
79,26/05/19,Kota Bogor
80,26/05/19,Jakarta Selatan
81,26/05/19,Kabupaten Bekasi
82,26/05/19,Kota Tangerang Selatan
83,26/05/19,Kabupaten Bekasi
84,26/05/19,Kabupaten Tangerang
85,26/05/19,Kabupaten Bogor
86,26/05/19,Kota Bandung
87,26/05/19,Kota Depok
88,26/05/19,Kota Tangerang
89,26/05/19,Jakarta Barat
90,26/05/19,Kota Depok
91,26/05/19,Jakarta Barat
92,26/05/19,Kota Tangerang
93,26/05/19,Kota Depok
94,26/05/19,Jakarta Barat
95,26/05/19,Kota Tangerang Selatan
96,26/05/19,Kota Bogor
97,26/05/19,Jakarta Barat
98,26/05/19,Kota Bogor
99,26/05/19,Kota Depok
100,26/05/19,Jakarta Timur
1,27/05/19,Kota Bekasi
2,27/05/19,Kabupaten Bogor
3,27/05/19,Kota Depok
4,27/05/19,Kota Tangerang
5,27/05/19,Kabupaten Tangerang
6,27/05/19,Kota Depok
7,27/05/19,Jakarta Timur
8,27/05/19,Kota Tangerang
9,27/05/19,Kota Bogor
10,27/05/19,Kabupaten Bantul
11,27/05/19,Kota Bekasi
12,27/05/19,Jakarta Barat
13,27/05/19,Kota Bogor
14,27/05/19,Jakarta Utara
15,27/05/19,Kota Depok
16,27/05/19,Kota Bekasi
17,27/05/19,Kota Depok
18,27/05/19,Jakarta Barat
19,27/05/19,Kabupaten Tasikmalaya
20,27/05/19,Kota Bogor
21,27/05/19,Kota Bandung
22,27/05/19,Kota Tangerang
23,27/05/19,Kabupaten Wonogiri
24,27/05/19,Kota Bogor
25,27/05/19,Kota Bogor
26,27/05/19,Jakarta Utara
27,27/05/19,Kota Bekasi
28,27/05/19,Kota Tangerang
29,27/05/19,Jakarta Pusat
30,27/05/19,Kota Depok
31,27/05/19,Jakarta Timur
32,27/05/19,Kota Bekasi
33,27/05/19,Kota Bogor
34,27/05/19,Kabupaten Bekasi
35,27/05/19,Jakarta Selatan
36,27/05/19,Kota Bekasi
37,27/05/19,Kota Depok
38,27/05/19,Kabupaten Bekasi
39,27/05/19,Jakarta Pusat
40,27/05/19,Jakarta Selatan
41,27/05/19,Kota Tangerang Selatan
42,27/05/19,Jakarta Pusat
43,27/05/19,Kabupaten Bekasi
44,27/05/19,Kabupaten Tangerang
45,27/05/19,Kabupaten Tangerang
46,27/05/19,Kota Bekasi
47,27/05/19,Kota Depok
48,27/05/19,Kabupaten Bekasi
49,27/05/19,Kota Tangerang
50,27/05/19,Kota Tangerang Selatan
51,27/05/19,Jakarta Pusat
52,27/05/19,Kota Bogor
53,27/05/19,Jakarta Timur
54,27/05/19,Jakarta Timur
55,27/05/19,Jakarta Pusat
56,27/05/19,Kabupaten Bogor
57,27/05/19,Jakarta Timur
58,27/05/19,Kota Bekasi
59,27/05/19,Jakarta Selatan
60,27/05/19,Jakarta Pusat
61,27/05/19,Jakarta Pusat
62,27/05/19,Jakarta Barat
63,27/05/19,Jakarta Barat
64,27/05/19,Jakarta Timur
65,27/05/19,Kota Tangerang
66,27/05/19,Kabupaten Tangerang
67,27/05/19,Jakarta Utara
68,27/05/19,Jakarta Barat
69,27/05/19,Kota Bekasi
70,27/05/19,Kabupaten Bogor
71,27/05/19,Kota Depok
72,27/05/19,Kota Depok
73,27/05/19,Kabupaten Bogor
74,27/05/19,Kabupaten Bekasi
75,27/05/19,Kota Tangerang Selatan
76,27/05/19,Jakarta Timur
77,27/05/19,Kabupaten Bekasi
78,27/05/19,Jakarta Timur
79,27/05/19,Kota Bogor
80,27/05/19,Kota Bogor
81,27/05/19,Kabupaten Bekasi
82,27/05/19,Jakarta Barat
83,27/05/19,Kota Tangerang
84,27/05/19,Jakarta Timur
85,27/05/19,Kabupaten Bekasi
86,27/05/19,Jakarta Barat
87,27/05/19,Kota Depok
88,27/05/19,Kota Tangerang
89,27/05/19,Jakarta Barat
90,27/05/19,Kota Depok
91,27/05/19,Kabupaten Bantul
92,27/05/19,Kabupaten Tangerang
93,27/05/19,Jakarta Barat
94,27/05/19,Jakarta Barat
95,27/05/19,Kota Tangerang Selatan
96,27/05/19,Kota Bogor
97,27/05/19,Kota Tangerang Selatan
98,27/05/19,Jakarta Timur
99,27/05/19,Jakarta Timur
100,27/05/19,Jakarta Timur
1,28/05/19,Kota Padang
2,28/05/19,Kabupaten Bogor
3,28/05/19,Kota Bekasi
4,28/05/19,Kota Tangerang
5,28/05/19,Kota Tangerang
6,28/05/19,Kabupaten Wonogiri
7,28/05/19,Jakarta Utara
8,28/05/19,Kota Tangerang Selatan
9,28/05/19,Jakarta Utara
10,28/05/19,Kota Yogyakarta
11,28/05/19,Kota Depok
12,28/05/19,Jakarta Utara
13,28/05/19,Kabupaten Tasikmalaya
14,28/05/19,Jakarta Utara
15,28/05/19,Kota Tangerang Selatan
16,28/05/19,Jakarta Timur
17,28/05/19,Kabupaten Bekasi
18,28/05/19,Jakarta Barat
19,28/05/19,Kota Tangerang
20,28/05/19,Kota Bandung
21,28/05/19,Kota Bandung
22,28/05/19,Kota Tangerang
23,28/05/19,Kabupaten Wonogiri
24,28/05/19,Kota Bogor
25,28/05/19,Kota Bogor
26,28/05/19,Kota Bekasi
27,28/05/19,Kota Bekasi
28,28/05/19,Kota Tangerang
29,28/05/19,Jakarta Pusat
30,28/05/19,Kota Depok
31,28/05/19,Jakarta Timur
32,28/05/19,Kota Bekasi
33,28/05/19,Kota Bogor
34,28/05/19,Kota Bogor
35,28/05/19,Jakarta Selatan
36,28/05/19,Kota Bekasi
37,28/05/19,Kota Depok
38,28/05/19,Kabupaten Bekasi
39,28/05/19,Jakarta Pusat
40,28/05/19,Kabupaten Bogor
41,28/05/19,Jakarta Timur
42,28/05/19,Jakarta Pusat
43,28/05/19,Jakarta Timur
44,28/05/19,Kabupaten Tangerang
45,28/05/19,Jakarta Timur
46,28/05/19,Kota Bekasi
47,28/05/19,Kota Depok
48,28/05/19,Kota Tangerang Selatan
49,28/05/19,Kota Tangerang
50,28/05/19,Jakarta Barat
51,28/05/19,Jakarta Pusat
52,28/05/19,Kota Bogor
53,28/05/19,Jakarta Timur
54,28/05/19,Jakarta Timur
55,28/05/19,Kabupaten Tangerang
56,28/05/19,Kabupaten Bekasi
57,28/05/19,Kota Depok
58,28/05/19,Kota Bekasi
59,28/05/19,Jakarta Selatan
60,28/05/19,Jakarta Pusat
61,28/05/19,Jakarta Pusat
62,28/05/19,Jakarta Barat
63,28/05/19,Kabupaten Bogor
64,28/05/19,Kabupaten Bekasi
65,28/05/19,Jakarta Barat
66,28/05/19,Jakarta Utara
67,28/05/19,Jakarta Utara
68,28/05/19,Jakarta Barat
69,28/05/19,Kota Bekasi
70,28/05/19,Jakarta Selatan
71,28/05/19,Jakarta Pusat
72,28/05/19,Kabupaten Bekasi
73,28/05/19,Jakarta Selatan
74,28/05/19,Jakarta Utara
75,28/05/19,Kota Tangerang Selatan
76,28/05/19,Kabupaten Bogor
77,28/05/19,Jakarta Selatan
78,28/05/19,Jakarta Pusat
79,28/05/19,Kota Depok
80,28/05/19,Jakarta Barat
81,28/05/19,Kabupaten Bekasi
82,28/05/19,Jakarta Utara
83,28/05/19,Jakarta Pusat
84,28/05/19,Jakarta Utara
85,28/05/19,Jakarta Barat
86,28/05/19,Jakarta Selatan
87,28/05/19,Kota Depok
88,28/05/19,Kota Padang
89,28/05/19,Jakarta Barat
90,28/05/19,Kota Depok
91,28/05/19,Kabupaten Bantul
92,28/05/19,Jakarta Barat
93,28/05/19,Jakarta Barat
94,28/05/19,Jakarta Selatan
95,28/05/19,Jakarta Selatan
96,28/05/19,Kota Bogor
97,28/05/19,Kota Bogor
98,28/05/19,Jakarta Timur
99,28/05/19,Kabupaten Bekasi
100,28/05/19,Jakarta Timur
1,29/05/19,Kota Padang
2,29/05/19,Jakarta Timur
3,29/05/19,Kabupaten Bekasi
4,29/05/19,Kota Tangerang
5,29/05/19,Jakarta Barat
6,29/05/19,Kabupaten Wonogiri
7,29/05/19,Kota Depok
8,29/05/19,Kota Tangerang Selatan
9,29/05/19,Kota Padang
10,29/05/19,Kabupaten Bantul
11,29/05/19,Kota Bekasi
12,29/05/19,Kabupaten Sleman
13,29/05/19,Kabupaten Tasikmalaya
14,29/05/19,Jakarta Barat
15,29/05/19,Jakarta Selatan
16,29/05/19,Kota Bekasi
17,29/05/19,Kota Medan
18,29/05/19,Jakarta Barat
19,29/05/19,Kota Bandar Lampung
20,29/05/19,Kabupaten Bogor
21,29/05/19,Kota Bandung
22,29/05/19,Kota Bandar Lampung
23,29/05/19,Kabupaten Wonogiri
24,29/05/19,Kota Bogor
25,29/05/19,Kota Bogor
26,29/05/19,Kabupaten Sleman
27,29/05/19,Kota Bekasi
28,29/05/19,Kota Tangerang
29,29/05/19,Jakarta Pusat
30,29/05/19,Kota Depok
31,29/05/19,Jakarta Timur
32,29/05/19,Kota Bandung
33,29/05/19,Kota Bogor
34,29/05/19,Kota Bogor
35,29/05/19,Kota Tangerang Selatan
36,29/05/19,Jakarta Selatan
37,29/05/19,Kota Depok
38,29/05/19,Kabupaten Bekasi
39,29/05/19,Jakarta Pusat
40,29/05/19,Kabupaten Bogor
41,29/05/19,Kabupaten Bekasi
42,29/05/19,Jakarta Pusat
43,29/05/19,Kota Depok
44,29/05/19,Kabupaten Tangerang
45,29/05/19,Kota Tangerang
46,29/05/19,Kota Bekasi
47,29/05/19,Jakarta Utara
48,29/05/19,Kabupaten Bekasi
49,29/05/19,Kota Tangerang
50,29/05/19,Kota Bogor
51,29/05/19,Kota Manado
52,29/05/19,Kota Bogor
53,29/05/19,Jakarta Timur
54,29/05/19,Jakarta Timur
55,29/05/19,Kota Tangerang
56,29/05/19,Kota Tangerang
57,29/05/19,Kabupaten Bekasi
58,29/05/19,Kota Bekasi
59,29/05/19,Kota Tangerang Selatan
60,29/05/19,Jakarta Timur
61,29/05/19,Kota Tangerang
62,29/05/19,Jakarta Barat
63,29/05/19,Kota Tangerang
64,29/05/19,Jakarta Timur
65,29/05/19,Kota Yogyakarta
66,29/05/19,Kota Bogor
67,29/05/19,Jakarta Utara
68,29/05/19,Jakarta Timur
69,29/05/19,Kota Bekasi
70,29/05/19,Jakarta Barat
71,29/05/19,Jakarta Utara
72,29/05/19,Kota Depok
73,29/05/19,Jakarta Selatan
74,29/05/19,Kota Bogor
75,29/05/19,Kota Tangerang
76,29/05/19,Kota Tangerang Selatan
77,29/05/19,Kabupaten Bogor
78,29/05/19,Kota Depok
79,29/05/19,Kota Depok
80,29/05/19,Jakarta Selatan
81,29/05/19,Kabupaten Bekasi
82,29/05/19,Kota Bekasi
83,29/05/19,Kota Tangerang
84,29/05/19,Kota Bogor
85,29/05/19,Kabupaten Bogor
86,29/05/19,Kota Tangerang
87,29/05/19,Kota Depok
88,29/05/19,Kota Padang
89,29/05/19,Jakarta Barat
90,29/05/19,Kota Depok
91,29/05/19,Kabupaten Bantul
92,29/05/19,Kabupaten Wonogiri
93,29/05/19,Jakarta Timur
94,29/05/19,Kota Bogor
95,29/05/19,Jakarta Selatan
96,29/05/19,Kabupaten Bogor
97,29/05/19,Kota Depok
98,29/05/19,Kota Yogyakarta
99,29/05/19,Kota Depok
100,29/05/19,Jakarta Timur
1,30/05/19,Kota Padang
2,30/05/19,Kota Manado
3,30/05/19,Jakarta Timur
4,30/05/19,Kota Tangerang Selatan
5,30/05/19,Kota Bandung
6,30/05/19,Kabupaten Wonogiri
7,30/05/19,Jakarta Barat
8,30/05/19,Kabupaten Tangerang
9,30/05/19,Kota Padang
10,30/05/19,Kota Yogyakarta
11,30/05/19,Kota Bekasi
12,30/05/19,Kabupaten Bantul
13,30/05/19,Kabupaten Tasikmalaya
14,30/05/19,Kabupaten Tangerang
15,30/05/19,Jakarta Pusat
16,30/05/19,Kota Depok
17,30/05/19,Kota Medan
18,30/05/19,Kota Semarang
19,30/05/19,Kota Medan
20,30/05/19,Kabupaten Lampung Selatan
21,30/05/19,Kota Bandung
22,30/05/19,Kota Bandar Lampung
23,30/05/19,Kabupaten Wonogiri
24,30/05/19,Kabupaten Tasikmalaya
25,30/05/19,Kota Bogor
26,30/05/19,Kabupaten Sleman
27,30/05/19,Kota Bekasi
28,30/05/19,Jakarta Selatan
29,30/05/19,Jakarta Pusat
30,30/05/19,Kota Depok
31,30/05/19,Jakarta Timur
32,30/05/19,Kota Bandung
33,30/05/19,Kabupaten Sleman
34,30/05/19,Kota Bekasi
35,30/05/19,Kota Tangerang
36,30/05/19,Kota Medan
37,30/05/19,Kota Depok
38,30/05/19,Jakarta Selatan
39,30/05/19,Jakarta Pusat
40,30/05/19,Kota Medan
41,30/05/19,Kota Tangerang Selatan
42,30/05/19,Jakarta Pusat
43,30/05/19,Jakarta Timur
44,30/05/19,Kabupaten Tangerang
45,30/05/19,Kabupaten Tangerang
46,30/05/19,Kota Bekasi
47,30/05/19,Kota Bekasi
48,30/05/19,Kota Tangerang Selatan
49,30/05/19,Kota Tangerang
50,30/05/19,Kota Bekasi
51,30/05/19,Kota Manado
52,30/05/19,Kota Bogor
53,30/05/19,Kabupaten Wonogiri
54,30/05/19,Jakarta Timur
55,30/05/19,Jakarta Pusat
56,30/05/19,Kabupaten Bogor
57,30/05/19,Kabupaten Tangerang
58,30/05/19,Kota Bekasi
59,30/05/19,Kota Depok
60,30/05/19,Kota Padang
61,30/05/19,Jakarta Pusat
62,30/05/19,Jakarta Barat
63,30/05/19,Jakarta Barat
64,30/05/19,Jakarta Selatan
65,30/05/19,Kota Yogyakarta
66,30/05/19,Kota Tangerang Selatan
67,30/05/19,Jakarta Utara
68,30/05/19,Kota Tangerang
69,30/05/19,Kota Yogyakarta
70,30/05/19,Kabupaten Bogor
71,30/05/19,Jakarta Timur
72,30/05/19,Kabupaten Tangerang
73,30/05/19,Jakarta Selatan
74,30/05/19,Kabupaten Tangerang
75,30/05/19,Kota Tangerang Selatan
76,30/05/19,Jakarta Timur
77,30/05/19,Kota Tangerang Selatan
78,30/05/19,Jakarta Pusat
79,30/05/19,Kota Bekasi
80,30/05/19,Kota Bogor
81,30/05/19,Kota Yogyakarta
82,30/05/19,Jakarta Barat
83,30/05/19,Kota Depok
84,30/05/19,Jakarta Timur
85,30/05/19,Kabupaten Bekasi
86,30/05/19,Jakarta Barat
87,30/05/19,Kota Depok
88,30/05/19,Kota Padang
89,30/05/19,Jakarta Barat
90,30/05/19,Kota Depok
91,30/05/19,Kabupaten Bantul
92,30/05/19,Kabupaten Wonogiri
93,30/05/19,Kota Depok
94,30/05/19,Jakarta Barat
95,30/05/19,Jakarta Selatan
96,30/05/19,Kota Yogyakarta
97,30/05/19,Kota Bogor
98,30/05/19,Kota Yogyakarta
99,30/05/19,Kabupaten Wonogiri
100,30/05/19,Kabupaten Sleman
1,31/05/19,Kota Padang
2,31/05/19,Kota Manado
3,31/05/19,Jakarta Timur
4,31/05/19,Kota Bandar Lampung
5,31/05/19,Kota Yogyakarta
6,31/05/19,Kabupaten Sleman
7,31/05/19,Kota Medan
8,31/05/19,Kabupaten Tangerang
9,31/05/19,Kota Padang
10,31/05/19,Kota Yogyakarta
11,31/05/19,Kota Bogor
12,31/05/19,Kabupaten Sleman
13,31/05/19,Kabupaten Tasikmalaya
14,31/05/19,Kabupaten Lampung Selatan
15,31/05/19,Kota Bandung
16,31/05/19,Kota Bekasi
17,31/05/19,Kota Medan
18,31/05/19,Kota Semarang
19,31/05/19,Kota Bogor
20,31/05/19,Kabupaten Lampung Selatan
21,31/05/19,Kota Bandung
22,31/05/19,Kota Bandar Lampung
23,31/05/19,Kabupaten Wonogiri
24,31/05/19,Kabupaten Tasikmalaya
25,31/05/19,Kabupaten Tangerang
26,31/05/19,Kabupaten Sleman
27,31/05/19,Kota Tangerang
28,31/05/19,Jakarta Selatan
29,31/05/19,Kota Tangerang
30,31/05/19,Kota Depok
31,31/05/19,Kota Bekasi
32,31/05/19,Kota Bandung
33,31/05/19,Kabupaten Sleman
34,31/05/19,Kota Bekasi
35,31/05/19,Kabupaten Bogor
36,31/05/19,Kota Medan
37,31/05/19,Kabupaten Tasikmalaya
38,31/05/19,Jakarta Selatan
39,31/05/19,Kota Semarang
40,31/05/19,Kota Medan
41,31/05/19,Jakarta Timur
42,31/05/19,Kota Surabaya
43,31/05/19,Kabupaten Bekasi
44,31/05/19,Kabupaten Sleman
45,31/05/19,Jakarta Timur
46,31/05/19,Kota Bekasi
47,31/05/19,Kabupaten Lampung Selatan
48,31/05/19,Kabupaten Bantul
49,31/05/19,Kota Surabaya
50,31/05/19,Kabupaten Tangerang
51,31/05/19,Kota Manado
52,31/05/19,Kabupaten Bantul
53,31/05/19,Kabupaten Wonogiri
54,31/05/19,Kabupaten Lampung Selatan
55,31/05/19,Jakarta Pusat
56,31/05/19,Kabupaten Sleman
57,31/05/19,Jakarta Utara
58,31/05/19,Jakarta Utara
59,31/05/19,Kota Surabaya
60,31/05/19,Kota Padang
61,31/05/19,Kota Depok
62,31/05/19,Kabupaten Wonogiri
63,31/05/19,Kabupaten Bogor
64,31/05/19,Kota Surabaya
65,31/05/19,Kota Yogyakarta
66,31/05/19,Kota Bandar Lampung
67,31/05/19,Jakarta Utara
68,31/05/19,Jakarta Utara
69,31/05/19,Kota Yogyakarta
70,31/05/19,Kota Surabaya
71,31/05/19,Kabupaten Bantul
72,31/05/19,Kota Semarang
73,31/05/19,Jakarta Selatan
74,31/05/19,Kabupaten Bekasi
75,31/05/19,Kota Tangerang Selatan
76,31/05/19,Kabupaten Bogor
77,31/05/19,Kabupaten Bekasi
78,31/05/19,Jakarta Timur
79,31/05/19,Kabupaten Bantul
80,31/05/19,Jakarta Barat
81,31/05/19,Kota Yogyakarta
82,31/05/19,Kabupaten Wonogiri
83,31/05/19,Kabupaten Lampung Selatan
84,31/05/19,Jakarta Timur
85,31/05/19,Jakarta Barat
86,31/05/19,Kota Bekasi
87,31/05/19,Kota Medan
88,31/05/19,Kota Padang
89,31/05/19,Jakarta Barat
90,31/05/19,Kota Depok
91,31/05/19,Kabupaten Bantul
92,31/05/19,Kabupaten Wonogiri
93,31/05/19,Jakarta Timur
94,31/05/19,Jakarta Barat
95,31/05/19,Jakarta Selatan
96,31/05/19,Kota Yogyakarta
97,31/05/19,Jakarta Selatan
98,31/05/19,Kota Yogyakarta
99,31/05/19,Kabupaten Wonogiri
100,31/05/19,Kabupaten Sleman
1,01/06/19,Kota Padang
2,01/06/19,Kota Manado
3,01/06/19,Kota Depok
4,01/06/19,Kota Bandar Lampung
5,01/06/19,Kota Yogyakarta
6,01/06/19,Kabupaten Sleman
7,01/06/19,Kota Medan
8,01/06/19,Kota Manado
9,01/06/19,Kota Padang
10,01/06/19,Kota Yogyakarta
11,01/06/19,Kabupaten Sleman
12,01/06/19,Kabupaten Bantul
13,01/06/19,Kabupaten Tasikmalaya
14,01/06/19,Kabupaten Lampung Selatan
15,01/06/19,Kota Bandung
16,01/06/19,Kota Bekasi
17,01/06/19,Kota Medan
18,01/06/19,Kota Semarang
19,01/06/19,Kota Yogyakarta
20,01/06/19,Kabupaten Lampung Selatan
21,01/06/19,Kota Bandung
22,01/06/19,Kota Bandar Lampung
23,01/06/19,Kabupaten Wonogiri
24,01/06/19,Kabupaten Tasikmalaya
25,01/06/19,Kota Yogyakarta
26,01/06/19,Kabupaten Sleman
27,01/06/19,Kota Padang
28,01/06/19,Jakarta Selatan
29,01/06/19,Jakarta Pusat
30,01/06/19,Kota Yogyakarta
31,01/06/19,Kota Depok
32,01/06/19,Kota Bandung
33,01/06/19,Kabupaten Sleman
34,01/06/19,Kota Bandar Lampung
35,01/06/19,Kabupaten Sleman
36,01/06/19,Kota Medan
37,01/06/19,Kabupaten Tasikmalaya
38,01/06/19,Kota Tangerang Selatan
39,01/06/19,Kota Semarang
40,01/06/19,Kota Medan
41,01/06/19,Jakarta Timur
42,01/06/19,Kota Surabaya
43,01/06/19,Kabupaten Lampung Selatan
44,01/06/19,Kabupaten Sleman
45,01/06/19,Kabupaten Bantul
46,01/06/19,Jakarta Utara
47,01/06/19,Kabupaten Lampung Selatan
48,01/06/19,Kabupaten Bantul
49,01/06/19,Kota Surabaya
50,01/06/19,Kota Depok
51,01/06/19,Kota Manado
52,01/06/19,Kabupaten Bantul
53,01/06/19,Kabupaten Wonogiri
54,01/06/19,Kabupaten Lampung Selatan
55,01/06/19,Jakarta Selatan
56,01/06/19,Kabupaten Sleman
57,01/06/19,Kabupaten Tangerang
58,01/06/19,Kota Depok
59,01/06/19,Kota Surabaya
60,01/06/19,Kota Padang
61,01/06/19,Jakarta Utara
62,01/06/19,Kabupaten Wonogiri
63,01/06/19,Kota Medan
64,01/06/19,Kota Surabaya
65,01/06/19,Kota Yogyakarta
66,01/06/19,Kota Bandar Lampung
67,01/06/19,Jakarta Pusat
68,01/06/19,Kota Bandar Lampung
69,01/06/19,Kota Yogyakarta
70,01/06/19,Kota Surabaya
71,01/06/19,Kabupaten Bantul
72,01/06/19,Kota Semarang
73,01/06/19,Jakarta Selatan
74,01/06/19,Kota Tangerang Selatan
75,01/06/19,Kota Tangerang Selatan
76,01/06/19,Kota Tangerang Selatan
77,01/06/19,Jakarta Selatan
78,01/06/19,Jakarta Pusat
79,01/06/19,Kota Yogyakarta
80,01/06/19,Jakarta Selatan
81,01/06/19,Kota Yogyakarta
82,01/06/19,Kabupaten Wonogiri
83,01/06/19,Kabupaten Lampung Selatan
84,01/06/19,Kota Padang
85,01/06/19,Kabupaten Sleman
86,01/06/19,Jakarta Pusat
87,01/06/19,Kota Medan
88,01/06/19,Kota Padang
89,01/06/19,Kota Bogor
90,01/06/19,Kota Tangerang Selatan
91,01/06/19,Kabupaten Bantul
92,01/06/19,Kabupaten Wonogiri
93,01/06/19,Kota Padang
94,01/06/19,Jakarta Barat
95,01/06/19,Jakarta Selatan
96,01/06/19,Kota Yogyakarta
97,01/06/19,Jakarta Barat
98,01/06/19,Kota Yogyakarta
99,01/06/19,Kabupaten Wonogiri
100,01/06/19,Kabupaten Sleman
1,02/06/19,Kota Padang
2,02/06/19,Kota Manado
3,02/06/19,Kota Depok
4,02/06/19,Kota Bandar Lampung
5,02/06/19,Kota Yogyakarta
6,02/06/19,Kabupaten Sleman
7,02/06/19,Kota Medan
8,02/06/19,Kota Semarang
9,02/06/19,Kota Padang
10,02/06/19,Kota Yogyakarta
11,02/06/19,Kabupaten Sleman
12,02/06/19,Kabupaten Bantul
13,02/06/19,Kabupaten Tasikmalaya
14,02/06/19,Kabupaten Lampung Selatan
15,02/06/19,Kota Bandung
16,02/06/19,Kota Tangerang
17,02/06/19,Kota Medan
18,02/06/19,Kabupaten Kebumen
19,02/06/19,Kota Bandar Lampung
20,02/06/19,Kabupaten Lampung Selatan
21,02/06/19,Kota Bandung
22,02/06/19,Kota Bandar Lampung
23,02/06/19,Kabupaten Wonogiri
24,02/06/19,Kabupaten Tasikmalaya
25,02/06/19,Kota Yogyakarta
26,02/06/19,Kabupaten Sleman
27,02/06/19,Kota Padang
28,02/06/19,Jakarta Selatan
29,02/06/19,Kabupaten Sleman
30,02/06/19,Kota Yogyakarta
31,02/06/19,Kota Manado
32,02/06/19,Kota Bandung
33,02/06/19,Kabupaten Sleman
34,02/06/19,Kota Bandar Lampung
35,02/06/19,Kabupaten Sleman
36,02/06/19,Kota Medan
37,02/06/19,Kabupaten Tasikmalaya
38,02/06/19,Kota Depok
39,02/06/19,Kota Semarang
40,02/06/19,Kota Medan
41,02/06/19,Kota Surabaya
42,02/06/19,Kota Surabaya
43,02/06/19,Kabupaten Lampung Selatan
44,02/06/19,Kabupaten Sleman
45,02/06/19,Kabupaten Bantul
46,02/06/19,Jakarta Pusat
47,02/06/19,Kabupaten Lampung Selatan
48,02/06/19,Kabupaten Bantul
49,02/06/19,Kota Surabaya
50,02/06/19,Jakarta Selatan
51,02/06/19,Kota Manado
52,02/06/19,Kabupaten Bantul
53,02/06/19,Kabupaten Wonogiri
54,02/06/19,Kabupaten Lampung Selatan
55,02/06/19,Jakarta Utara
56,02/06/19,Kabupaten Sleman
57,02/06/19,Kabupaten Sleman
58,02/06/19,Kota Medan
59,02/06/19,Kota Surabaya
60,02/06/19,Kota Padang
61,02/06/19,Jakarta Barat
62,02/06/19,Kabupaten Wonogiri
63,02/06/19,Kota Medan
64,02/06/19,Kota Surabaya
65,02/06/19,Kota Yogyakarta
66,02/06/19,Kota Bandar Lampung
67,02/06/19,Jakarta Selatan
68,02/06/19,Kota Bandar Lampung
69,02/06/19,Kota Yogyakarta
70,02/06/19,Kota Surabaya
71,02/06/19,Kabupaten Bantul
72,02/06/19,Kota Semarang
73,02/06/19,Kabupaten Sleman
74,02/06/19,Kabupaten Bekasi
75,02/06/19,Kota Tangerang Selatan
76,02/06/19,Jakarta Timur
77,02/06/19,Kabupaten Bogor
78,02/06/19,Kota Depok
79,02/06/19,Kota Yogyakarta
80,02/06/19,Kabupaten Tangerang
81,02/06/19,Kota Yogyakarta
82,02/06/19,Kabupaten Wonogiri
83,02/06/19,Kabupaten Lampung Selatan
84,02/06/19,Kota Padang
85,02/06/19,Kabupaten Sleman
86,02/06/19,Kota Depok
87,02/06/19,Kota Medan
88,02/06/19,Kota Padang
89,02/06/19,Kota Bogor
90,02/06/19,Kota Semarang
91,02/06/19,Kabupaten Bantul
92,02/06/19,Kabupaten Wonogiri
93,02/06/19,Kota Padang
94,02/06/19,Kota Medan
95,02/06/19,Kota Bandung
96,02/06/19,Kota Yogyakarta
97,02/06/19,Kota Bandar Lampung
98,02/06/19,Kota Yogyakarta
99,02/06/19,Kabupaten Wonogiri
100,02/06/19,Kabupaten Sleman
1,03/06/19,Kota Padang
2,03/06/19,Kota Manado
3,03/06/19,Kota Padang
4,03/06/19,Kabupaten Lampung Selatan
5,03/06/19,Kota Yogyakarta
6,03/06/19,Kabupaten Sleman
7,03/06/19,Kota Medan
8,03/06/19,Kota Semarang
9,03/06/19,Kota Padang
10,03/06/19,Kota Yogyakarta
11,03/06/19,Kabupaten Sleman
12,03/06/19,Kabupaten Bantul
13,03/06/19,Kabupaten Tasikmalaya
14,03/06/19,Kabupaten Lampung Selatan
15,03/06/19,Kota Bandung
16,03/06/19,Jakarta Pusat
17,03/06/19,Kota Medan
18,03/06/19,Kota Semarang
19,03/06/19,Kota Bandar Lampung
20,03/06/19,Kabupaten Lampung Selatan
21,03/06/19,Kota Bandung
22,03/06/19,Kota Bandar Lampung
23,03/06/19,Kabupaten Wonogiri
24,03/06/19,Kabupaten Tasikmalaya
25,03/06/19,Kota Yogyakarta
26,03/06/19,Kabupaten Sleman
27,03/06/19,Kota Padang
28,03/06/19,Kabupaten Kebumen
29,03/06/19,Kabupaten Sleman
30,03/06/19,Kota Yogyakarta
31,03/06/19,Kota Manado
32,03/06/19,Kota Bandung
33,03/06/19,Kabupaten Sleman
34,03/06/19,Kota Bandar Lampung
35,03/06/19,Kabupaten Sleman
36,03/06/19,Kota Medan
37,03/06/19,Kabupaten Tasikmalaya
38,03/06/19,Kabupaten Sleman
39,03/06/19,Kota Semarang
40,03/06/19,Kota Medan
41,03/06/19,Kota Surabaya
42,03/06/19,Kota Surabaya
43,03/06/19,Kabupaten Lampung Selatan
44,03/06/19,Kabupaten Sleman
45,03/06/19,Kabupaten Bantul
46,03/06/19,Kabupaten Sleman
47,03/06/19,Kabupaten Lampung Selatan
48,03/06/19,Kabupaten Bantul
49,03/06/19,Kota Surabaya
50,03/06/19,Kota Banda Aceh
51,03/06/19,Kota Manado
52,03/06/19,Kabupaten Bantul
53,03/06/19,Kabupaten Wonogiri
54,03/06/19,Kabupaten Lampung Selatan
55,03/06/19,Kota Bandung
56,03/06/19,Kabupaten Sleman
57,03/06/19,Kabupaten Sleman
58,03/06/19,Kota Medan
59,03/06/19,Kota Surabaya
60,03/06/19,Kota Padang
61,03/06/19,Kota Medan
62,03/06/19,Kabupaten Wonogiri
63,03/06/19,Kota Medan
64,03/06/19,Kota Surabaya
65,03/06/19,Kota Yogyakarta
66,03/06/19,Kota Bandar Lampung
67,03/06/19,Kota Banda Aceh
68,03/06/19,Kota Bandar Lampung
69,03/06/19,Kota Yogyakarta
70,03/06/19,Kota Surabaya
71,03/06/19,Kabupaten Bantul
72,03/06/19,Kota Semarang
73,03/06/19,Kabupaten Sleman
74,03/06/19,Kabupaten Bekasi
75,03/06/19,Kota Tangerang Selatan
76,03/06/19,Kabupaten Bogor
77,03/06/19,Kota Tangerang Selatan
78,03/06/19,Jakarta Pusat
79,03/06/19,Kota Yogyakarta
80,03/06/19,Kabupaten Lampung Selatan
81,03/06/19,Kota Yogyakarta
82,03/06/19,Kabupaten Wonogiri
83,03/06/19,Kabupaten Lampung Selatan
84,03/06/19,Kota Padang
85,03/06/19,Kabupaten Sleman
86,03/06/19,Kota Bandung
87,03/06/19,Kota Medan
88,03/06/19,Kota Padang
89,03/06/19,Kota Bogor
90,03/06/19,Kota Semarang
91,03/06/19,Kabupaten Bantul
92,03/06/19,Kabupaten Wonogiri
93,03/06/19,Kota Padang
94,03/06/19,Kota Medan
95,03/06/19,Kota Bandung
96,03/06/19,Kota Yogyakarta
97,03/06/19,Kota Bandar Lampung
98,03/06/19,Kota Yogyakarta
99,03/06/19,Kabupaten Wonogiri
100,03/06/19,Kabupaten Sleman
1,04/06/19,Kota Padang
2,04/06/19,Kota Manado
3,04/06/19,Kota Padang
4,04/06/19,Kota Bandar Lampung
5,04/06/19,Kota Yogyakarta
6,04/06/19,Kabupaten Sleman
7,04/06/19,Kota Medan
8,04/06/19,Kota Semarang
9,04/06/19,Kota Padang
10,04/06/19,Kota Yogyakarta
11,04/06/19,Kabupaten Sleman
12,04/06/19,Kabupaten Bantul
13,04/06/19,Kabupaten Tasikmalaya
14,04/06/19,Kabupaten Lampung Selatan
15,04/06/19,Kota Bandung
16,04/06/19,Kota Bekasi
17,04/06/19,Kota Medan
18,04/06/19,Kota Semarang
19,04/06/19,Kota Yogyakarta
20,04/06/19,Kabupaten Lampung Selatan
21,04/06/19,Kota Bandung
22,04/06/19,Kota Bandar Lampung
23,04/06/19,Kabupaten Wonogiri
24,04/06/19,Kabupaten Tasikmalaya
25,04/06/19,Kota Yogyakarta
26,04/06/19,Kabupaten Sleman
27,04/06/19,Kota Padang
28,04/06/19,Kabupaten Kebumen
29,04/06/19,Kabupaten Sleman
30,04/06/19,Kota Yogyakarta
31,04/06/19,Kota Manado
32,04/06/19,Kota Bandung
33,04/06/19,Kabupaten Sleman
34,04/06/19,Kota Bandar Lampung
35,04/06/19,Kabupaten Sleman
36,04/06/19,Kota Medan
37,04/06/19,Kabupaten Tasikmalaya
38,04/06/19,Kabupaten Sleman
39,04/06/19,Kota Semarang
40,04/06/19,Kota Medan
41,04/06/19,Kota Surabaya
42,04/06/19,Kota Surabaya
43,04/06/19,Kabupaten Lampung Selatan
44,04/06/19,Kabupaten Sleman
45,04/06/19,Kabupaten Bantul
46,04/06/19,Kabupaten Sleman
47,04/06/19,Kabupaten Lampung Selatan
48,04/06/19,Kabupaten Bantul
49,04/06/19,Kota Surabaya
50,04/06/19,Kota Banda Aceh
51,04/06/19,Kota Manado
52,04/06/19,Kabupaten Bantul
53,04/06/19,Kabupaten Tangerang
54,04/06/19,Kabupaten Lampung Selatan
55,04/06/19,Kota Bandung
56,04/06/19,Kabupaten Sleman
57,04/06/19,Kabupaten Sleman
58,04/06/19,Kota Medan
59,04/06/19,Kota Surabaya
60,04/06/19,Kota Padang
61,04/06/19,Kota Medan
62,04/06/19,Kabupaten Wonogiri
63,04/06/19,Kota Medan
64,04/06/19,Kota Surabaya
65,04/06/19,Kota Yogyakarta
66,04/06/19,Kota Bandar Lampung
67,04/06/19,Kota Banda Aceh
68,04/06/19,Kota Bandar Lampung
69,04/06/19,Kota Yogyakarta
70,04/06/19,Kota Surabaya
71,04/06/19,Kabupaten Bantul
72,04/06/19,Kota Semarang
73,04/06/19,Kabupaten Sleman
74,04/06/19,Kabupaten Bekasi
75,04/06/19,Kota Tangerang Selatan
76,04/06/19,Kota Tangerang Selatan
77,04/06/19,Kabupaten Bekasi
78,04/06/19,Jakarta Timur
79,04/06/19,Kota Yogyakarta
80,04/06/19,Kabupaten Lampung Selatan
81,04/06/19,Kota Yogyakarta
82,04/06/19,Kabupaten Wonogiri
83,04/06/19,Kabupaten Lampung Selatan
84,04/06/19,Kota Padang
85,04/06/19,Kabupaten Sleman
86,04/06/19,Jakarta Barat
87,04/06/19,Kota Medan
88,04/06/19,Kota Padang
89,04/06/19,Kota Bogor
90,04/06/19,Kota Semarang
91,04/06/19,Kabupaten Bantul
92,04/06/19,Kabupaten Wonogiri
93,04/06/19,Kota Padang
94,04/06/19,Kota Medan
95,04/06/19,Kota Bandung
96,04/06/19,Kota Yogyakarta
97,04/06/19,Kota Bandar Lampung
98,04/06/19,Kota Yogyakarta
99,04/06/19,Kabupaten Wonogiri
100,04/06/19,Kabupaten Sleman
1,05/06/19,Kota Padang
2,05/06/19,Kota Manado
3,05/06/19,Kota Padang
4,05/06/19,Kota Bandar Lampung
5,05/06/19,Kota Yogyakarta
6,05/06/19,Kabupaten Sleman
7,05/06/19,Kota Medan
8,05/06/19,Kota Semarang
9,05/06/19,Kota Padang
10,05/06/19,Kota Yogyakarta
11,05/06/19,Kabupaten Sleman
12,05/06/19,Kabupaten Bantul
13,05/06/19,Kabupaten Tasikmalaya
14,05/06/19,Kabupaten Lampung Selatan
15,05/06/19,Kota Bandung
16,05/06/19,Kota Bekasi
17,05/06/19,Kota Medan
18,05/06/19,Kota Semarang
19,05/06/19,Kota Yogyakarta
20,05/06/19,Kabupaten Lampung Selatan
21,05/06/19,Kota Bandung
22,05/06/19,Kota Bandar Lampung
23,05/06/19,Kabupaten Wonogiri
24,05/06/19,Kabupaten Tasikmalaya
25,05/06/19,Kota Yogyakarta
26,05/06/19,Kabupaten Sleman
27,05/06/19,Kota Padang
28,05/06/19,Kabupaten Kebumen
29,05/06/19,Kabupaten Sleman
30,05/06/19,Kota Yogyakarta
31,05/06/19,Kota Manado
32,05/06/19,Kota Bandung
33,05/06/19,Kabupaten Sleman
34,05/06/19,Kota Bandar Lampung
35,05/06/19,Kabupaten Sleman
36,05/06/19,Kota Medan
37,05/06/19,Kabupaten Tasikmalaya
38,05/06/19,Kabupaten Sleman
39,05/06/19,Kota Semarang
40,05/06/19,Kota Medan
41,05/06/19,Kota Surabaya
42,05/06/19,Kota Surabaya
43,05/06/19,Kabupaten Lampung Selatan
44,05/06/19,Kabupaten Sleman
45,05/06/19,Kabupaten Bantul
46,05/06/19,Kabupaten Sleman
47,05/06/19,Kabupaten Lampung Selatan
48,05/06/19,Kabupaten Bantul
49,05/06/19,Kota Surabaya
50,05/06/19,Kota Banda Aceh
51,05/06/19,Kota Manado
52,05/06/19,Kabupaten Bantul
53,05/06/19,Kabupaten Tangerang
54,05/06/19,Kabupaten Lampung Selatan
55,05/06/19,Kota Bandung
56,05/06/19,Kabupaten Sleman
57,05/06/19,Kabupaten Sleman
58,05/06/19,Kota Medan
59,05/06/19,Kota Surabaya
60,05/06/19,Kota Padang
61,05/06/19,Kota Medan
62,05/06/19,Kabupaten Wonogiri
63,05/06/19,Kota Medan
64,05/06/19,Kota Surabaya
65,05/06/19,Kota Yogyakarta
66,05/06/19,Kota Bandar Lampung
67,05/06/19,Kota Banda Aceh
68,05/06/19,Kota Bandar Lampung
69,05/06/19,Kota Yogyakarta
70,05/06/19,Kota Surabaya
71,05/06/19,Kabupaten Bantul
72,05/06/19,Kota Semarang
73,05/06/19,Kabupaten Sleman
74,05/06/19,Kabupaten Bekasi
75,05/06/19,Kota Tangerang Selatan
76,05/06/19,Kota Tangerang Selatan
77,05/06/19,Kabupaten Bekasi
78,05/06/19,Jakarta Timur
79,05/06/19,Kota Yogyakarta
80,05/06/19,Kabupaten Lampung Selatan
81,05/06/19,Kota Yogyakarta
82,05/06/19,Kabupaten Wonogiri
83,05/06/19,Kabupaten Lampung Selatan
84,05/06/19,Kota Padang
85,05/06/19,Kabupaten Sleman
86,05/06/19,Jakarta Barat
87,05/06/19,Kota Medan
88,05/06/19,Kota Padang
89,05/06/19,Kota Bogor
90,05/06/19,Kota Semarang
91,05/06/19,Kabupaten Bantul
92,05/06/19,Kabupaten Wonogiri
93,05/06/19,Kota Padang
94,05/06/19,Kota Medan
95,05/06/19,Kota Bandung
96,05/06/19,Kota Yogyakarta
97,05/06/19,Kota Bandar Lampung
98,05/06/19,Kota Yogyakarta
99,05/06/19,Kabupaten Wonogiri
100,05/06/19,Kabupaten Sleman